tomato003S(1).jpg,158.22747583955314
tomato003S(10).jpg,176.07670321970764
tomato003S(11).jpg,169.41511077822037
tomato003S(12).jpg,183.33101148830954
tomato003S(13).jpg,160.42975951254448
tomato003S(14).jpg,154.74868833857016
tomato003S(15).jpg,158.04961986436265
tomato003S(16).jpg,166.06461266696186
tomato003S(17).jpg,167.0184078324072
tomato003S(18).jpg,182.79524375486514
tomato003S(19).jpg,155.38874428460315
tomato003S(2).jpg,239.9943557272145
tomato003S(20).jpg,154.93617689368944
tomato003S(21).jpg,171.4712553351983
tomato003S(22).jpg,157.6467934323141
tomato003S(23).jpg,168.32184453226307
tomato003S(24).jpg,173.07632522018062
tomato003S(25).jpg,167.8028401560493
tomato003S(26).jpg,164.22451038737955
tomato003S(27).jpg,198.43587799786982
tomato003S(28).jpg,191.66251882734272
tomato003S(29).jpg,158.1322843845987
tomato003S(3).jpg,212.07009318821832
tomato003S(30).jpg,172.32467656278476
tomato003S(31).jpg,178.84217109321753
tomato003S(32).jpg,178.21521767370078
tomato003S(33).jpg,174.10238792496634
tomato003S(4).jpg,187.98267031234977
tomato003S(7).jpg,172.22572185831882
tomato003S(8).jpg,187.2203731677227
tomato003S(9).jpg,171.0405690377616
tomato004S(1).jpg,180.63219355693013
tomato004S(10).jpg,160.81306632087012
tomato004S(11).jpg,173.93290772375698
tomato004S(13).jpg,187.17844435045023
tomato004S(14).jpg,163.49347935613753
tomato004S(15).jpg,149.07314044240815
tomato004S(16).jpg,155.08619776431217
tomato004S(17).jpg,180.0512290449698
tomato004S(18).jpg,164.45485630627903
tomato004S(19).jpg,186.08416276373197
tomato004S(2).jpg,183.60946713415436
tomato004S(20).jpg,174.22563067071434
tomato004S(21).jpg,170.4102478022602
tomato004S(22).jpg,186.00642437835256
tomato004S(23).jpg,176.48449677678147
tomato004S(24).jpg,172.0226192087495
tomato004S(25).jpg,176.70044608591337
tomato004S(26).jpg,188.23436918200457
tomato004S(27).jpg,157.42927443417318
tomato004S(3).jpg,185.3677308186086
tomato004S(4).jpg,154.09107425539005
tomato004S(5).jpg,153.8786078708408
tomato004S(6).jpg,175.43382179069314
tomato004S(7).jpg,186.55641612640866
tomato004S(8).jpg,145.17578602634998
tomato004S(9).jpg,169.17422239519266
